<?xml version="1.0"?>
<Runs Version="1" Minor="0">
	<Run Id="design_1_axi_dynclk_0_0_synth_1" LaunchDir="E:/Xilinx/zynq/Heijin/AX7020_2017.4.1/course_s4_linux/vivado/linux_base/linux_base.runs/design_1_axi_dynclk_0_0_synth_1" FlowId="Vivado_Synthesis" FromStepId="vivado" ToStepId="vivado"/>
	<Run Id="design_1_processing_system7_0_0_synth_1" LaunchDir="E:/Xilinx/zynq/Heijin/AX7020_2017.4.1/course_s4_linux/vivado/linux_base/linux_base.runs/design_1_processing_system7_0_0_synth_1" FlowId="Vivado_Synthesis" FromStepId="vivado" ToStepId="vivado"/>
	<Run Id="design_1_rgb2dvi_0_1_synth_1" LaunchDir="E:/Xilinx/zynq/Heijin/AX7020_2017.4.1/course_s4_linux/vivado/linux_base/linux_base.runs/design_1_rgb2dvi_0_1_synth_1" FlowId="Vivado_Synthesis" FromStepId="vivado" ToStepId="vivado"/>
	<Run Id="design_1_axi_gpio_btn_0_synth_1" LaunchDir="E:/Xilinx/zynq/Heijin/AX7020_2017.4.1/course_s4_linux/vivado/linux_base/linux_base.runs/design_1_axi_gpio_btn_0_synth_1" FlowId="Vivado_Synthesis" FromStepId="vivado" ToStepId="vivado"/>
	<Run Id="design_1_axi_gpio_led_0_synth_1" LaunchDir="E:/Xilinx/zynq/Heijin/AX7020_2017.4.1/course_s4_linux/vivado/linux_base/linux_base.runs/design_1_axi_gpio_led_0_synth_1" FlowId="Vivado_Synthesis" FromStepId="vivado" ToStepId="vivado"/>
	<Run Id="design_1_axi_vdma_0_0_synth_1" LaunchDir="E:/Xilinx/zynq/Heijin/AX7020_2017.4.1/course_s4_linux/vivado/linux_base/linux_base.runs/design_1_axi_vdma_0_0_synth_1" FlowId="Vivado_Synthesis" FromStepId="vivado" ToStepId="vivado"/>
	<Run Id="design_1_rst_processing_system7_0_100M_0_synth_1" LaunchDir="E:/Xilinx/zynq/Heijin/AX7020_2017.4.1/course_s4_linux/vivado/linux_base/linux_base.runs/design_1_rst_processing_system7_0_100M_0_synth_1" FlowId="Vivado_Synthesis" FromStepId="vivado" ToStepId="vivado"/>
	<Run Id="design_1_rst_processing_system7_0_150M_0_synth_1" LaunchDir="E:/Xilinx/zynq/Heijin/AX7020_2017.4.1/course_s4_linux/vivado/linux_base/linux_base.runs/design_1_rst_processing_system7_0_150M_0_synth_1" FlowId="Vivado_Synthesis" FromStepId="vivado" ToStepId="vivado"/>
	<Run Id="design_1_v_axi4s_vid_out_0_0_synth_1" LaunchDir="E:/Xilinx/zynq/Heijin/AX7020_2017.4.1/course_s4_linux/vivado/linux_base/linux_base.runs/design_1_v_axi4s_vid_out_0_0_synth_1" FlowId="Vivado_Synthesis" FromStepId="vivado" ToStepId="vivado"/>
	<Run Id="design_1_v_tc_0_0_synth_1" LaunchDir="E:/Xilinx/zynq/Heijin/AX7020_2017.4.1/course_s4_linux/vivado/linux_base/linux_base.runs/design_1_v_tc_0_0_synth_1" FlowId="Vivado_Synthesis" FromStepId="vivado" ToStepId="vivado"/>
	<Run Id="design_1_axi_smc_0_synth_1" LaunchDir="E:/Xilinx/zynq/Heijin/AX7020_2017.4.1/course_s4_linux/vivado/linux_base/linux_base.runs/design_1_axi_smc_0_synth_1" FlowId="Vivado_Synthesis" FromStepId="vivado" ToStepId="vivado"/>
	<Run Id="design_1_xbar_0_synth_1" LaunchDir="E:/Xilinx/zynq/Heijin/AX7020_2017.4.1/course_s4_linux/vivado/linux_base/linux_base.runs/design_1_xbar_0_synth_1" FlowId="Vivado_Synthesis" FromStepId="vivado" ToStepId="vivado"/>
	<Run Id="design_1_auto_pc_0_synth_1" LaunchDir="E:/Xilinx/zynq/Heijin/AX7020_2017.4.1/course_s4_linux/vivado/linux_base/linux_base.runs/design_1_auto_pc_0_synth_1" FlowId="Vivado_Synthesis" FromStepId="vivado" ToStepId="vivado"/>
	<Parameters>
		<Parameter Name="runs.monitorLSFJobs" Val="true" Type="bool"/>
	</Parameters>
</Runs>

