<?xml version="1.0"?>
<Runs Version="1" Minor="0">
	<Run Id="design_1_axi_vdma_0_0_synth_1" LaunchDir="E:/Xilinx/zynq/Workspace_Bajie_Board/zynq_linux/With_HDMI/Project06_PetaLinux_With_HDMI/linux_base.runs/design_1_axi_vdma_0_0_synth_1" FlowId="Vivado_Synthesis" FromStepId="vivado" ToStepId="vivado"/>
	<Run Id="design_1_processing_system7_0_0_synth_1" LaunchDir="E:/Xilinx/zynq/Workspace_Bajie_Board/zynq_linux/With_HDMI/Project06_PetaLinux_With_HDMI/linux_base.runs/design_1_processing_system7_0_0_synth_1" FlowId="Vivado_Synthesis" FromStepId="vivado" ToStepId="vivado"/>
	<Run Id="design_1_v_axi4s_vid_out_0_0_synth_1" LaunchDir="E:/Xilinx/zynq/Workspace_Bajie_Board/zynq_linux/With_HDMI/Project06_PetaLinux_With_HDMI/linux_base.runs/design_1_v_axi4s_vid_out_0_0_synth_1" FlowId="Vivado_Synthesis" FromStepId="vivado" ToStepId="vivado"/>
	<Run Id="design_1_v_tc_0_0_synth_1" LaunchDir="E:/Xilinx/zynq/Workspace_Bajie_Board/zynq_linux/With_HDMI/Project06_PetaLinux_With_HDMI/linux_base.runs/design_1_v_tc_0_0_synth_1" FlowId="Vivado_Synthesis" FromStepId="vivado" ToStepId="vivado"/>
	<Run Id="design_1_axi_smc_0_synth_1" LaunchDir="E:/Xilinx/zynq/Workspace_Bajie_Board/zynq_linux/With_HDMI/Project06_PetaLinux_With_HDMI/linux_base.runs/design_1_axi_smc_0_synth_1" FlowId="Vivado_Synthesis" FromStepId="vivado" ToStepId="vivado"/>
	<Run Id="design_1_rgb2dvi_0_1_synth_1" LaunchDir="E:/Xilinx/zynq/Workspace_Bajie_Board/zynq_linux/With_HDMI/Project06_PetaLinux_With_HDMI/linux_base.runs/design_1_rgb2dvi_0_1_synth_1" FlowId="Vivado_Synthesis" FromStepId="vivado" ToStepId="vivado"/>
	<Run Id="design_1_xbar_0_synth_1" LaunchDir="E:/Xilinx/zynq/Workspace_Bajie_Board/zynq_linux/With_HDMI/Project06_PetaLinux_With_HDMI/linux_base.runs/design_1_xbar_0_synth_1" FlowId="Vivado_Synthesis" FromStepId="vivado" ToStepId="vivado"/>
	<Run Id="design_1_auto_pc_0_synth_1" LaunchDir="E:/Xilinx/zynq/Workspace_Bajie_Board/zynq_linux/With_HDMI/Project06_PetaLinux_With_HDMI/linux_base.runs/design_1_auto_pc_0_synth_1" FlowId="Vivado_Synthesis" FromStepId="vivado" ToStepId="vivado"/>
	<Parameters>
		<Parameter Name="runs.monitorLSFJobs" Val="true" Type="bool"/>
	</Parameters>
</Runs>

